,placeid,name,displaylat,displaylon,geometry,lon,lat
0,1,Pertamina,-6.14516,106.89451,POINT (106.89451 -6.14516),106.89451,-6.14516
1,3,Pertamina,-6.202623,106.806137,POINT (106.806137 -6.202623),106.806137,-6.202623
2,4,Pertamina,-6.31114,106.77183,POINT (106.77183 -6.31114),106.77183,-6.31114
3,5,Mandiri Motor,-6.19781,106.76917,POINT (106.76917 -6.19781),106.76917,-6.19781
4,6,Green Nitrogen Spbu,-6.191526067,106.8282918,POINT (106.8282918 -6.191526067),106.8282918,-6.191526067
5,8,Pertamini Ekawati,-6.3504344,106.8197888,POINT (106.8197888 -6.3504344),106.8197888,-6.3504344
6,9,Pertamina,-6.15559,106.8071,POINT (106.8071 -6.15559),106.8071,-6.15559
7,11,Pertamina,-6.14315,106.88986,POINT (106.88986 -6.14315),106.88986,-6.14315
8,12,Abadi Jaya Motor,-6.26212,106.84361,POINT (106.84361 -6.26212),106.84361,-6.26212
9,13,Pertamina,-6.22523,106.841266,POINT (106.841266 -6.22523),106.841266,-6.22523
10,14,Pertamina,-6.2189,106.70686,POINT (106.70686 -6.2189),106.70686,-6.2189
11,15,Grha Pertamina,-6.177874747229239,106.83175,POINT (106.83175 -6.177874747229239),106.83175,-6.177874747229239
12,16,Pertamina,-6.166186665,106.793122954,POINT (106.793122954 -6.166186665),106.793122954,-6.166186665
13,17,Pertamina,-6.28845,106.93926,POINT (106.93926 -6.28845),106.93926,-6.28845
14,18,Pertamina,-6.23365,106.73667,POINT (106.73667 -6.23365),106.73667,-6.23365
15,19,Pertamina,-6.1932,106.89973,POINT (106.89973 -6.1932),106.89973,-6.1932
16,20,Pertamina,-6.32318,106.92371,POINT (106.92371 -6.32318),106.92371,-6.32318
17,21,Shell,-6.215172,106.879678,POINT (106.879678 -6.215172),106.879678,-6.215172
18,22,Pertamina,-6.372462,106.79032,POINT (106.79032 -6.372462),106.79032,-6.372462
19,23,Pertamina,-6.302653,106.858414,POINT (106.858414 -6.302653),106.858414,-6.302653
20,24,Pertamina,-6.149084,106.674226,POINT (106.674226 -6.149084),106.674226,-6.149084
21,25,Pertamina,-6.15295,106.81783,POINT (106.81783 -6.15295),106.81783,-6.15295
22,26,Pertamina,-6.10605899739296,106.74120172571786,POINT (106.74120172571786 -6.10605899739296),106.74120172571786,-6.10605899739296
23,28,Toko Nursaman,-6.315622445480492,106.92437370092989,POINT (106.92437370092989 -6.315622445480492),106.92437370092989,-6.315622445480492
24,29,Shell,-6.381051,106.830837,POINT (106.830837 -6.381051),106.830837,-6.381051
25,30,Pertamina,-6.16166,106.825932,POINT (106.825932 -6.16166),106.825932,-6.16166
26,31,Pertamina,-6.13672,106.89109,POINT (106.89109 -6.13672),106.89109,-6.13672
27,32,Pertamina,-6.202607,106.85615,POINT (106.85615 -6.202607),106.85615,-6.202607
28,33,Shell,-6.22071,106.9609,POINT (106.9609 -6.22071),106.9609,-6.22071
29,34,Pertamina,-6.197597367,106.753370571,POINT (106.753370571 -6.197597367),106.753370571,-6.197597367
30,37,Shell Margonda,-6.380594612622065,106.83233605897321,POINT (106.83233605897321 -6.380594612622065),106.83233605897321,-6.380594612622065
31,39,Shell,-6.166803,106.796548,POINT (106.796548 -6.166803),106.796548,-6.166803
32,40,Pertamina,-6.16605,106.70449,POINT (106.70449 -6.16605),106.70449,-6.16605
33,41,Pertamina,-6.20377,106.71726,POINT (106.71726 -6.20377),106.71726,-6.20377
34,42,Pertamina,-6.290469,106.823484,POINT (106.823484 -6.290469),106.823484,-6.290469
35,43,Pertamina,-6.17498,106.85235,POINT (106.85235 -6.17498),106.85235,-6.17498
36,44,Shell,-6.13842,106.87896,POINT (106.87896 -6.13842),106.87896,-6.13842
37,45,Pertamina,-6.381263423250914,106.80815103970953,POINT (106.80815103970953 -6.381263423250914),106.80815103970953,-6.381263423250914
38,46,Pertamina,-6.23306,106.9658,POINT (106.9658 -6.23306),106.9658,-6.23306
39,47,Pertamina,-6.176248873354672,106.80156985752052,POINT (106.80156985752052 -6.176248873354672),106.80156985752052,-6.176248873354672
40,48,Shell,-6.14804,106.888877,POINT (106.888877 -6.14804),106.888877,-6.14804
41,49,Pertamina,-6.155861,106.79234,POINT (106.79234 -6.155861),106.79234,-6.155861
42,50,Pertamina,-6.305229938822564,106.93710544088307,POINT (106.93710544088307 -6.305229938822564),106.93710544088307,-6.305229938822564
43,51,Sumber Prima. CV,-6.1311,106.88182,POINT (106.88182 -6.1311),106.88182,-6.1311
44,52,Planet Ban Pulo Gebang,-6.200195229096805,106.95624545507476,POINT (106.95624545507476 -6.2001952290968045),106.95624545507476,-6.2001952290968045
45,53,Pertamina,-6.143786,106.922428,POINT (106.922428 -6.143786),106.922428,-6.143786
46,54,Mobil,-6.188739999982818,106.70799446288338,POINT (106.70799446288338 -6.188739999982818),106.70799446288338,-6.188739999982818
47,55,Shell,-6.16671,106.79657,POINT (106.79657 -6.16671),106.79657,-6.16671
48,56,Pertamina,-6.233831,106.876203,POINT (106.876203 -6.233831),106.876203,-6.233831
49,57,Pertamina,-6.299874641415849,106.83317005937234,POINT (106.83317005937234 -6.299874641415849),106.83317005937234,-6.299874641415849
50,58,Pertamina,-6.213101093112431,106.94574579753761,POINT (106.94574579753761 -6.213101093112431),106.94574579753761,-6.213101093112431
51,59,Pertamina,-6.12896,106.90794,POINT (106.90794 -6.12896),106.90794,-6.12896
52,60,Klasik Motor,-6.27759,106.80121,POINT (106.80121 -6.27759),106.80121,-6.27759
53,61,Shell,-6.165096,106.81257,POINT (106.81257 -6.165096),106.81257,-6.165096
54,62,Shell,-6.289937,106.795508,POINT (106.795508 -6.289937),106.795508,-6.289937
55,63,Kurnia Jaya Motor,-6.229445391313816,106.90384614508169,POINT (106.90384614508169 -6.229445391313816),106.90384614508169,-6.229445391313816
56,64,Pertamina,-6.17345,106.67911,POINT (106.67911 -6.17345),106.67911,-6.17345
57,65,Shell,-6.24948,106.94893,POINT (106.94893 -6.24948),106.94893,-6.24948
58,66,Shell,-6.119271,106.675346,POINT (106.675346 -6.119271),106.675346,-6.119271
59,67,Pertamini Bensin Eceran,-6.24794,106.77452,POINT (106.77452 -6.24794),106.77452,-6.24794
60,68,Pertamina Proyek Pengolahan,-6.23328,106.82246,POINT (106.82246 -6.23328),106.82246,-6.23328
61,69,Pertamina,-6.22098,106.96462,POINT (106.96462 -6.22098),106.96462,-6.22098
62,70,Pertamina,-6.25472,106.73728,POINT (106.73728 -6.25472),106.73728,-6.25472
63,71,Warung Bang Jamin,-6.344675553825705,106.84876598282399,POINT (106.84876598282399 -6.344675553825705),106.84876598282399,-6.344675553825705
64,72,Pertamina,-6.24198,106.92038,POINT (106.92038 -6.24198),106.92038,-6.24198
65,73,Pertamina,-6.24783,106.91699,POINT (106.91699 -6.24783),106.91699,-6.24783
66,74,Pertamina,-6.15927994583761,106.69796585659432,POINT (106.69796585659432 -6.15927994583761),106.69796585659432,-6.15927994583761
67,75,Pertamina,-6.21274,106.86155,POINT (106.86155 -6.21274),106.86155,-6.21274
68,76,BP,-6.169722843363644,106.97423550206805,POINT (106.97423550206805 -6.169722843363644),106.97423550206805,-6.169722843363644
69,77,Pertamina,-6.258464562685401,106.92849709205213,POINT (106.92849709205213 -6.258464562685401),106.92849709205213,-6.258464562685401
70,78,Shell,-6.183906,106.944601,POINT (106.944601 -6.183906),106.944601,-6.183906
71,79,Pertamina,-6.13032,106.80568,POINT (106.80568 -6.13032),106.80568,-6.13032
72,80,Pertamina,-6.192356,106.848643,POINT (106.848643 -6.192356),106.848643,-6.192356
73,81,Shell,-6.194295,106.84987,POINT (106.84987 -6.194295),106.84987,-6.194295
74,82,Shell,-6.12919,106.90817,POINT (106.90817 -6.12919),106.90817,-6.12919
75,83,Pertamina,-6.23738,106.922594,POINT (106.922594 -6.23738),106.922594,-6.23738
76,84,Pertamina,-6.13369,106.81718,POINT (106.81718 -6.13369),106.81718,-6.13369
77,85,Shell,-6.209272,106.771031,POINT (106.771031 -6.209272),106.771031,-6.209272
78,86,Pertamina,-6.107296,106.962579,POINT (106.962579 -6.107296),106.962579,-6.107296
79,87,Pertamina,-6.17015,106.81862,POINT (106.81862 -6.17015),106.81862,-6.17015
80,88,Pertamina,-6.130530135,106.729543152,POINT (106.729543152 -6.130530135),106.729543152,-6.130530135
81,89,Coral,-6.14562,106.89236,POINT (106.89236 -6.14562),106.89236,-6.14562
82,90,Pertamina,-6.300219,106.83501,POINT (106.83501 -6.300219),106.83501,-6.300219
83,92,Pertamina,-6.29057,106.88447,POINT (106.88447 -6.29057),106.88447,-6.29057
84,93,Pertamina,-6.23332,106.71918,POINT (106.71918 -6.23332),106.71918,-6.23332
85,94,Pertamina,-6.2426,106.85243,POINT (106.85243 -6.2426),106.85243,-6.2426
86,96,Pertamina,-6.305816,106.916771,POINT (106.916771 -6.305816),106.916771,-6.305816
87,98,Pertamina,-6.15342,106.94023,POINT (106.94023 -6.15342),106.94023,-6.15342
88,99,Shell,-6.157937,106.895952,POINT (106.895952 -6.157937),106.895952,-6.157937
89,100,Shell,-6.18523,106.83597,POINT (106.83597 -6.18523),106.83597,-6.18523
90,101,Pertamina,-6.1348,106.91567,POINT (106.91567 -6.1348),106.91567,-6.1348
91,102,Splu Manyar Permai 9,-6.128908634,106.76874,POINT (106.76874 -6.128908634),106.76874,-6.128908634
92,103,Sunter Timur 1 Kodamar,-6.1551,106.8865,POINT (106.8865 -6.1551),106.8865,-6.1551
93,104,Pertamina,-6.17191,106.75859,POINT (106.75859 -6.17191),106.75859,-6.17191
94,105,Nawilis,-6.250001,106.791923,POINT (106.791923 -6.250001),106.791923,-6.250001
95,106,Shell,-6.19166,106.72664,POINT (106.72664 -6.19166),106.72664,-6.19166
96,107,Pertamina,-6.238731,106.945485,POINT (106.945485 -6.238731),106.945485,-6.238731
97,108,Pertamina,-6.202443018027917,106.905364690971,POINT (106.905364690971 -6.202443018027917),106.905364690971,-6.202443018027917
98,110,Pangkalan Lpg 3kg Pertamina,-6.16096,106.74316,POINT (106.74316 -6.16096),106.74316,-6.16096
99,111,Pertamina,-6.18002,106.76628,POINT (106.76628 -6.18002),106.76628,-6.18002
100,112,Pertamina,-6.30527,106.77295,POINT (106.77295 -6.30527),106.77295,-6.30527
101,113,Pertamina,-6.13308,106.73558,POINT (106.73558 -6.13308),106.73558,-6.13308
102,114,Pertamina,-6.2255811,106.923521,POINT (106.923521 -6.2255811),106.923521,-6.2255811
103,116,Pertamina,-6.15869,106.69402,POINT (106.69402 -6.15869),106.69402,-6.15869
104,117,Alfamrt K863 Sdmt Spbu,-6.15432,106.7398,POINT (106.7398 -6.15432),106.7398,-6.15432
105,118,Pertamina,-6.193317,106.864027,POINT (106.864027 -6.193317),106.864027,-6.193317
106,119,Pertamina,-6.176076,106.867701,POINT (106.867701 -6.176076),106.867701,-6.176076
107,120,Pertamina,-6.130641574416487,106.68787479744233,POINT (106.68787479744233 -6.1306415744164875),106.68787479744233,-6.1306415744164875
108,122,Pertamina,-6.19622,106.76914,POINT (106.76914 -6.19622),106.76914,-6.19622
109,123,Pertamina,-6.17715,106.75758,POINT (106.75758 -6.17715),106.75758,-6.17715
110,125,Pertamina,-6.242744,106.902192,POINT (106.902192 -6.242744),106.902192,-6.242744
111,126,Shell,-6.29225,106.80155,POINT (106.80155 -6.29225),106.80155,-6.29225
112,128,Pertamina,-6.145234,106.895083,POINT (106.895083 -6.145234),106.895083,-6.145234
113,129,Pertamina,-6.227942313517453,106.71769498005767,POINT (106.71769498005767 -6.2279423135174525),106.71769498005767,-6.2279423135174525
114,130,Pertamina,-6.203628,106.797004,POINT (106.797004 -6.203628),106.797004,-6.203628
115,131,Astrido TOYOTA Fatmawati,-6.27961,106.79673,POINT (106.79673 -6.27961),106.79673,-6.27961
116,133,Shell,-6.231066,106.846909,POINT (106.846909 -6.231066),106.846909,-6.231066
117,134,Shell,-6.168733,106.761227,POINT (106.761227 -6.168733),106.761227,-6.168733
118,135,Pertamina,-6.300728,106.869685,POINT (106.869685 -6.300728),106.869685,-6.300728
119,136,Bensin Eceran Ynwa,-6.200572385619085,106.8153613400386,POINT (106.8153613400386 -6.200572385619085),106.8153613400386,-6.200572385619085
120,137,Pertamina,-6.17518,106.83123,POINT (106.83123 -6.17518),106.83123,-6.17518
121,138,Pertamina,-6.23987,106.82602,POINT (106.82602 -6.23987),106.82602,-6.23987
122,139,Pertamina,-6.286008,106.760541,POINT (106.760541 -6.286008),106.760541,-6.286008
123,140,Pertamini,-6.08547,106.70201,POINT (106.70201 -6.08547),106.70201,-6.08547
124,141,Pertamina,-6.2817,106.79411,POINT (106.79411 -6.2817),106.79411,-6.2817
125,142,Shell,-6.125671,106.798402,POINT (106.798402 -6.125671),106.798402,-6.125671
126,143,Pertamina,-6.37418,106.81341,POINT (106.81341 -6.37418),106.81341,-6.37418
127,144,Pertamina,-6.1199,106.95709,POINT (106.95709 -6.1199),106.95709,-6.1199
128,145,Pom Mini,-6.096651823670134,106.6879580753727,POINT (106.6879580753727 -6.096651823670134),106.6879580753727,-6.096651823670134
129,146,Pertamina,-6.30407,106.78207,POINT (106.78207 -6.30407),106.78207,-6.30407
130,148,Pertamina,-6.183203,106.891184,POINT (106.891184 -6.183203),106.891184,-6.183203
131,149,Pertamina,-6.22562,106.71237,POINT (106.71237 -6.22562),106.71237,-6.22562
132,150,Shell,-6.175775,106.956355,POINT (106.956355 -6.175775),106.956355,-6.175775
133,151,Pertamina,-6.17353,106.89098,POINT (106.89098 -6.17353),106.89098,-6.17353
134,152,Pertamina,-6.13164,106.91449,POINT (106.91449 -6.13164),106.91449,-6.13164
135,153,Pertamina,-6.235324,106.877813,POINT (106.877813 -6.235324),106.877813,-6.235324
136,154,Pertamina,-6.301677623081875,106.75137868774371,POINT (106.75137868774371 -6.301677623081875),106.75137868774371,-6.301677623081875
137,155,Pertamina,-6.345148,106.883046,POINT (106.883046 -6.345148),106.883046,-6.345148
138,156,Pertamina,-6.19317,106.97159,POINT (106.97159 -6.19317),106.97159,-6.19317
139,157,Gani Otomotif Service,-6.27308,106.76006,POINT (106.76006 -6.27308),106.76006,-6.27308
140,158,Pertamina,-6.23368,106.82158,POINT (106.82158 -6.23368),106.82158,-6.23368
141,159,Pertamina,-6.292508,106.811641,POINT (106.811641 -6.292508),106.811641,-6.292508
142,160,BP,-6.17772,106.72897,POINT (106.72897 -6.17772),106.72897,-6.17772
143,161,Pertamina,-6.1153224,106.8960202,POINT (106.8960202 -6.1153224),106.8960202,-6.1153224
144,163,Pertamina,-6.25323,106.86443,POINT (106.86443 -6.25323),106.86443,-6.25323
145,165,Toko Intan Arindo,-6.31044618,106.9142472,POINT (106.9142472 -6.31044618),106.9142472,-6.31044618
146,166,Pertamina,-6.162075,106.875303,POINT (106.875303 -6.162075),106.875303,-6.162075
147,167,Pertamina,-6.145254349,106.776509165,POINT (106.776509165 -6.145254349),106.776509165,-6.145254349
148,168,Pertamina,-6.149123,106.838487,POINT (106.838487 -6.149123),106.838487,-6.149123
149,169,Pertamina,-6.27335,106.81892,POINT (106.81892 -6.27335),106.81892,-6.27335
150,170,Pertamina,-6.35373366905616,106.81091268632976,POINT (106.81091268632976 -6.35373366905616),106.81091268632976,-6.35373366905616
151,171,Pertamina Trans Kontinental,-6.182737,106.843412,POINT (106.843412 -6.182737),106.843412,-6.182737
152,172,Pertamina,-6.3325,106.83427,POINT (106.83427 -6.3325),106.83427,-6.3325
153,173,Pertamina,-6.2198,106.86765,POINT (106.86765 -6.2198),106.86765,-6.2198
154,175,Pertamina,-6.186954763,106.725391769,POINT (106.725391769 -6.186954763),106.725391769,-6.186954763
155,176,Pertamina,-6.259504921,106.781984868,POINT (106.781984868 -6.259504921),106.781984868,-6.259504921
156,178,Pertamina,-6.193805,106.887208,POINT (106.887208 -6.193805),106.887208,-6.193805
157,179,Pom Bensin Tmii,-6.295,106.88219,POINT (106.88219 -6.295),106.88219,-6.295
158,180,Shell,-6.21480647261102,106.79451655851,POINT (106.79451655851 -6.21480647261102),106.79451655851,-6.21480647261102
159,181,Pertamina,-6.144652,106.721283,POINT (106.721283 -6.144652),106.721283,-6.144652
160,182,Shell,-6.264283,106.843038,POINT (106.843038 -6.264283),106.843038,-6.264283
161,183,Pertamina,-6.116144747229239,106.78535999999998,POINT (106.78535999999998 -6.116144747229239),106.78535999999998,-6.116144747229239
162,185,Pertamina,-6.11115,106.88346,POINT (106.88346 -6.11115),106.88346,-6.11115
163,186,Shell,-6.24827,106.90737,POINT (106.90737 -6.24827),106.90737,-6.24827
164,187,Pertamina,-6.25187,106.908995,POINT (106.908995 -6.25187),106.908995,-6.25187
165,188,Pertamina,-6.360573109,106.800851289,POINT (106.800851289 -6.360573109),106.800851289,-6.360573109
166,189,Pertamina,-6.1344,106.91618,POINT (106.91618 -6.1344),106.91618,-6.1344
167,190,Pertamina,-6.26297,106.79906,POINT (106.79906 -6.26297),106.79906,-6.26297
168,191,Pertamina,-6.1961,106.87384,POINT (106.87384 -6.1961),106.87384,-6.1961
169,192,Harapan Toko,-6.18503,106.83582,POINT (106.83582 -6.18503),106.83582,-6.18503
170,193,Pertamina,-6.238017142990831,106.77515338818674,POINT (106.77515338818674 -6.238017142990831),106.77515338818674,-6.238017142990831
171,194,Pertamina,-6.16005,106.9745,POINT (106.9745 -6.16005),106.9745,-6.16005
172,195,Shell,-6.146859,106.867034,POINT (106.867034 -6.146859),106.867034,-6.146859
173,196,Pertamina,-6.3182,106.78939,POINT (106.78939 -6.3182),106.78939,-6.3182
174,198,Total,-6.28384,106.79009,POINT (106.79009 -6.28384),106.79009,-6.28384
175,199,Pertamina,-6.242744,106.902199,POINT (106.902199 -6.242744),106.902199,-6.242744
176,200,Pertamina,-6.27986,106.79666,POINT (106.79666 -6.27986),106.79666,-6.27986
177,201,Pertamina,-6.2159,106.97524,POINT (106.97524 -6.2159),106.97524,-6.2159
178,202,Pertamina,-6.32036,106.78362,POINT (106.78362 -6.32036),106.78362,-6.32036
179,203,Gemilang Motor,-6.28747,106.75992,POINT (106.75992 -6.28747),106.75992,-6.28747
180,204,Pertamina,-6.23601,106.93479,POINT (106.93479 -6.23601),106.93479,-6.23601
181,205,Anyesha Sarkar,-6.134069,106.751209,POINT (106.751209 -6.134069),106.751209,-6.134069
182,207,Pertamina,-6.342948164534099,106.77876229575786,POINT (106.77876229575786 -6.342948164534099),106.77876229575786,-6.342948164534099
183,208,Pertamina,-6.32,106.7851,POINT (106.7851 -6.32),106.7851,-6.32
184,209,Akr,-6.08889,106.72024,POINT (106.72024 -6.08889),106.72024,-6.08889
185,210,Idm Fuqi-Daan Mogot No,-6.16072,106.76974,POINT (106.76974 -6.16072),106.76974,-6.16072
186,211,Pertamina,-6.22194,106.70969,POINT (106.70969 -6.22194),106.70969,-6.22194
187,212,Shell,-6.146382,106.835497,POINT (106.835497 -6.146382),106.835497,-6.146382
188,213,Dunia Ac Mobil,-6.23778,106.82688,POINT (106.82688 -6.23778),106.82688,-6.23778
189,214,Pertamina,-6.333795851205207,106.79608270388556,POINT (106.79608270388556 -6.333795851205207),106.79608270388556,-6.333795851205207
190,215,Pertamina Mini,-6.321253053603174,106.93720142708834,POINT (106.93720142708834 -6.321253053603174),106.93720142708834,-6.321253053603174
191,216,Pertamina,-6.198126982047269,106.77155534694549,POINT (106.77155534694549 -6.198126982047269),106.77155534694549,-6.198126982047269
192,218,Shell,-6.265494,106.765794,POINT (106.765794 -6.265494),106.765794,-6.265494
193,219,Pertamina,-6.17406,106.85363,POINT (106.85363 -6.17406),106.85363,-6.17406
194,220,Shell,-6.12919,106.90817,POINT (106.90817 -6.12919),106.90817,-6.12919
195,221,Pertamina,-6.17867,106.72884,POINT (106.72884 -6.17867),106.72884,-6.17867
196,222,Pertamina,-6.24012,106.82081,POINT (106.82081 -6.24012),106.82081,-6.24012
197,223,Pertamina,-6.257123,106.863806,POINT (106.863806 -6.257123),106.863806,-6.257123
198,224,Pertamina,-6.133499,106.730533,POINT (106.730533 -6.133499),106.730533,-6.133499
199,225,Pangkalan Gas Pertamina,-6.20487,106.7876,POINT (106.7876 -6.20487),106.7876,-6.20487
200,226,Shell,-6.160588,106.838023,POINT (106.838023 -6.160588),106.838023,-6.160588
201,227,Pom Bensin,-6.18497,106.84358,POINT (106.84358 -6.18497),106.84358,-6.18497
202,228,Shell,-6.224855,106.852642,POINT (106.852642 -6.224855),106.852642,-6.224855
203,230,Pertamina,-6.102868998,106.937250807,POINT (106.937250807 -6.102868998),106.937250807,-6.102868998
204,231,Bandar Aki Bintaro Hal,-6.25852,106.75973,POINT (106.75973 -6.25852),106.75973,-6.25852
205,232,Pertamina,-6.103531,106.71098,POINT (106.71098 -6.103531),106.71098,-6.103531
206,233,Pertamina,-6.16918,106.72836,POINT (106.72836 -6.16918),106.72836,-6.16918
207,234,Pertamina,-6.205019,106.857449,POINT (106.857449 -6.205019),106.857449,-6.205019
208,235,Pertamina,-6.11413,106.92754,POINT (106.92754 -6.11413),106.92754,-6.11413
209,236,Dodo,-6.182198,106.982084,POINT (106.982084 -6.182198),106.982084,-6.182198
210,237,Shell,-6.260269,106.789208,POINT (106.789208 -6.260269),106.789208,-6.260269
211,238,Pertamina,-6.357579027143874,106.81629644018689,POINT (106.81629644018689 -6.357579027143874),106.81629644018689,-6.357579027143874
212,241,Pertamina,-6.219231456537956,106.73095934545788,POINT (106.73095934545788 -6.219231456537956),106.73095934545788,-6.219231456537956
213,242,Pertamina,-6.34298,106.81798,POINT (106.81798 -6.34298),106.81798,-6.34298
214,244,BP,-6.23119,106.78957,POINT (106.78957 -6.23119),106.78957,-6.23119
215,246,Shell,-6.163572,106.774378,POINT (106.774378 -6.163572),106.774378,-6.163572
216,249,Pertamina,-6.203064733,106.946962336,POINT (106.946962336 -6.203064733),106.946962336,-6.203064733
217,250,Vivo,-6.338708457635334,106.90043251806301,POINT (106.90043251806301 -6.338708457635334),106.90043251806301,-6.338708457635334
218,251,Pertamina,-6.134205,106.834586,POINT (106.834586 -6.134205),106.834586,-6.134205
219,252,Bengkel Mobil Bos Bintaro,-6.275694843974391,106.76287382310203,POINT (106.76287382310203 -6.275694843974391),106.76287382310203,-6.275694843974391
220,253,Pertamina,-6.158957,106.692901,POINT (106.692901 -6.158957),106.692901,-6.158957
221,254,Pertamina,-6.152768724059115,106.91582006711562,POINT (106.91582006711562 -6.152768724059115),106.91582006711562,-6.152768724059115
222,255,Shell,-6.198619,106.797752,POINT (106.797752 -6.198619),106.797752,-6.198619
223,257,Pertamina,-6.29669,106.92238,POINT (106.92238 -6.29669),106.92238,-6.29669
224,258,Shell,-6.286137,106.771502,POINT (106.771502 -6.286137),106.771502,-6.286137
225,259,Shell,-6.250825,106.778595,POINT (106.778595 -6.250825),106.778595,-6.250825
226,260,BP,-6.32092,106.83615,POINT (106.83615 -6.32092),106.83615,-6.32092
227,262,Pertamina,-6.248771,106.777803,POINT (106.777803 -6.248771),106.777803,-6.248771
228,263,Pertamina,-6.1289563,106.9080603,POINT (106.9080603 -6.1289563),106.9080603,-6.1289563
229,264,Pertamina,-6.12842,106.85952,POINT (106.85952 -6.12842),106.85952,-6.12842
230,266,Pertamina,-6.124729,106.796274,POINT (106.796274 -6.124729),106.796274,-6.124729
231,267,Pertamina,-6.19653,106.87478,POINT (106.87478 -6.19653),106.87478,-6.19653
232,268,Pertamina,-6.122619999983003,106.89313552024835,POINT (106.89313552024835 -6.122619999983003),106.89313552024835,-6.122619999983003
233,269,Pertamina,-6.189664,106.967219,POINT (106.967219 -6.189664),106.967219,-6.189664
234,270,Pertamina,-6.24725,106.91139,POINT (106.91139 -6.24725),106.91139,-6.24725
235,271,Pertamina,-6.263511,106.786653,POINT (106.786653 -6.263511),106.786653,-6.263511
236,272,Masjid Pertamina,-6.145289762357998,106.88793788716615,POINT (106.88793788716615 -6.145289762357998),106.88793788716615,-6.145289762357998
237,273,Pertamina,-6.260111,106.867803,POINT (106.867803 -6.260111),106.867803,-6.260111
238,274,Pertamina,-6.27038,106.91176,POINT (106.91176 -6.27038),106.91176,-6.27038
239,275,Pt. Fortuna Mudalaga,-6.19277,106.86553,POINT (106.86553 -6.19277),106.86553,-6.19277
240,276,Pertamina,-6.21729,106.81378,POINT (106.81378 -6.21729),106.81378,-6.21729
241,278,Pertamina,-6.21752,106.76368,POINT (106.76368 -6.21752),106.76368,-6.21752
242,279,Pertamini,-6.23568,106.94577,POINT (106.94577 -6.23568),106.94577,-6.23568
243,281,Pertamina,-6.20882,106.97737,POINT (106.97737 -6.20882),106.97737,-6.20882
244,283,Pertamina,-6.227626214366513,106.92579616462022,POINT (106.92579616462022 -6.227626214366513),106.92579616462022,-6.227626214366513
245,284,Pertamina,-6.140782,106.827191,POINT (106.827191 -6.140782),106.827191,-6.140782
246,285,Pertamina,-6.274059,106.846605,POINT (106.846605 -6.274059),106.846605,-6.274059
247,286,Pertamina,-6.25993,106.77685,POINT (106.77685 -6.25993),106.77685,-6.25993
248,287,Pertamina,-6.14946,106.83506,POINT (106.83506 -6.14946),106.83506,-6.14946
249,288,Eka Sapta Bengkel,-6.16747,106.81488,POINT (106.81488 -6.16747),106.81488,-6.16747
250,289,Pertamina,-6.185582,106.906825,POINT (106.906825 -6.185582),106.906825,-6.185582
251,290,Pertamina,-6.09016,106.71082,POINT (106.71082 -6.09016),106.71082,-6.09016
252,291,Kantor Pertamina,-6.2665698,106.8444104,POINT (106.8444104 -6.2665698),106.8444104,-6.2665698
253,292,Pertamina SPBU 34-11712,-6.154579396,106.744916282,POINT (106.744916282 -6.154579396),106.744916282,-6.154579396
254,293,Shell,-6.193782,106.889006,POINT (106.889006 -6.193782),106.889006,-6.193782
255,294,Pertamina,-6.28113,106.81914,POINT (106.81914 -6.28113),106.81914,-6.28113
256,295,Pertamina,-6.15299,106.88649,POINT (106.88649 -6.15299),106.88649,-6.15299
257,296,Pertamina,-6.233067077124772,106.82238748670972,POINT (106.82238748670972 -6.2330670771247725),106.82238748670972,-6.2330670771247725
258,297,Pertamina,-6.273678615,106.797506824,POINT (106.797506824 -6.273678615),106.797506824,-6.273678615
259,298,Pertamina,-6.28602,106.9228,POINT (106.9228 -6.28602),106.9228,-6.28602
260,299,Pom Bensin Mini Kebon Mede,-6.09919,106.70595,POINT (106.70595 -6.09919),106.70595,-6.09919
261,300,Pertamina,-6.11112,106.948335,POINT (106.948335 -6.11112),106.948335,-6.11112
262,301,Pertamina,-6.20869,106.77016,POINT (106.77016 -6.20869),106.77016,-6.20869
263,302,Vivo,-6.269305005634441,106.75443614110665,POINT (106.75443614110665 -6.269305005634441),106.75443614110665,-6.269305005634441
264,303,Pertamina,-6.161013855941399,106.90467751443097,POINT (106.90467751443097 -6.161013855941399),106.90467751443097,-6.161013855941399
265,304,Cv. Kramat Motor,-6.18187,106.83909,POINT (106.83909 -6.18187),106.83909,-6.18187
266,305,Pertamina,-6.300932,106.821043,POINT (106.821043 -6.300932),106.821043,-6.300932
267,306,Pertamina,-6.23841,106.89962,POINT (106.89962 -6.23841),106.89962,-6.23841
268,307,Pertamina,-6.1237942,106.7341173,POINT (106.7341173 -6.1237942),106.7341173,-6.1237942
269,308,Spbg Pinang Ranti,-6.291471977147624,106.88655625155003,POINT (106.88655625155003 -6.291471977147624),106.88655625155003,-6.291471977147624
270,309,Jerokris Motor,-6.25933655,106.8536106,POINT (106.8536106 -6.25933655),106.8536106,-6.25933655
271,310,Pertamini,-6.319784747229239,106.79643,POINT (106.79643 -6.319784747229239),106.79643,-6.319784747229239
272,311,Pertamina,-6.212603806756629,106.77234319446164,POINT (106.77234319446164 -6.212603806756629),106.77234319446164,-6.212603806756629
273,312,Pangkalan Lpg Kg Pertamina,-6.381496192780651,106.85204942212046,POINT (106.85204942212046 -6.381496192780651),106.85204942212046,-6.381496192780651
274,313,Pertamina,-6.2186,106.94256,POINT (106.94256 -6.2186),106.94256,-6.2186
275,315,Pertamina,-6.27510047590456,106.83001477961197,POINT (106.83001477961197 -6.27510047590456),106.83001477961197,-6.27510047590456
276,317,Pertamina,-6.38087,106.85632,POINT (106.85632 -6.38087),106.85632,-6.38087
277,318,Pertamina,-6.26219,106.80856,POINT (106.80856 -6.26219),106.80856,-6.26219
278,319,Pertamina,-6.244284434768131,106.78805700742498,POINT (106.78805700742498 -6.244284434768131),106.78805700742498,-6.244284434768131
279,320,Simply,-6.1567949,106.9090072,POINT (106.9090072 -6.1567949),106.9090072,-6.1567949
280,321,Pertamina,-6.196001,106.7298,POINT (106.7298 -6.196001),106.7298,-6.196001
281,322,Pertamina,-6.2491,106.94124,POINT (106.94124 -6.2491),106.94124,-6.2491
282,323,Pertamina,-6.32697,106.822631,POINT (106.822631 -6.32697),106.822631,-6.32697
283,324,Sekretariat RW 01 Tegal Alur,-6.099814,106.71461,POINT (106.71461 -6.099814),106.71461,-6.099814
284,325,Pertamina,-6.121593,106.732545771,POINT (106.732545771 -6.121593),106.732545771,-6.121593
285,326,Shell,-6.112137657778648,106.75361566885101,POINT (106.75361566885101 -6.112137657778648),106.75361566885101,-6.112137657778648
286,327,Tac Pertamina Ep-Pbmsj,-6.227628338318352,106.83305471265011,POINT (106.83305471265011 -6.227628338318352),106.83305471265011,-6.227628338318352
287,328,Pertamina,-6.28093,106.74639,POINT (106.74639 -6.28093),106.74639,-6.28093
288,331,Indomaret,-6.27822,106.81079,POINT (106.81079 -6.27822),106.81079,-6.27822
289,332,Shell,-6.24086,106.837154,POINT (106.837154 -6.24086),106.837154,-6.24086
290,333,Shell,-6.26944209508335,106.911988097596,POINT (106.911988097596 -6.26944209508335),106.911988097596,-6.26944209508335
291,334,BP,-6.198254,106.760214,POINT (106.760214 -6.198254),106.760214,-6.198254
292,335,Pertamina,-6.257337,106.781403,POINT (106.781403 -6.257337),106.781403,-6.257337
293,336,Pertamina,-6.30906,106.86897,POINT (106.86897 -6.30906),106.86897,-6.30906
294,337,Shell,-6.177659,106.729018,POINT (106.729018 -6.177659),106.729018,-6.177659
295,338,Pertamina,-6.287141,106.825902,POINT (106.825902 -6.287141),106.825902,-6.287141
296,339,Pertamina,-6.25975,106.78895,POINT (106.78895 -6.25975),106.78895,-6.25975
297,340,Spbu Ratna,-6.270255357729059,106.95046994320694,POINT (106.95046994320694 -6.270255357729059),106.95046994320694,-6.270255357729059
298,341,Pertamina,-6.10732,106.71971,POINT (106.71971 -6.10732),106.71971,-6.10732
299,342,Pertamina,-6.366081,106.888561,POINT (106.888561 -6.366081),106.888561,-6.366081
300,343,BP,-6.148087,106.860271,POINT (106.860271 -6.148087),106.860271,-6.148087
301,344,Pertamina,-6.247152,106.842435,POINT (106.842435 -6.247152),106.842435,-6.247152
302,345,Pertamina,-6.176466966720958,106.89511377876069,POINT (106.89511377876069 -6.176466966720958),106.89511377876069,-6.176466966720958
303,347,Pertamina SPBU 34-13421,-6.21859,106.9426,POINT (106.9426 -6.21859),106.9426,-6.21859
304,348,Leo Tirtasari Motor,-6.162557,106.790681,POINT (106.790681 -6.162557),106.790681,-6.162557
305,349,Pertamina,-6.235864,106.844635,POINT (106.844635 -6.235864),106.844635,-6.235864
306,350,Pertamina,-6.36864,106.86022,POINT (106.86022 -6.36864),106.86022,-6.36864
307,351,Pertamina,-6.19268,106.88279,POINT (106.88279 -6.19268),106.88279,-6.19268
308,352,Shell,-6.265531,106.808116,POINT (106.808116 -6.265531),106.808116,-6.265531
309,353,VIVO,-6.30972,106.81353,POINT (106.81353 -6.30972),106.81353,-6.30972
310,354,Pertamina,-6.290619811,106.871635988,POINT (106.871635988 -6.290619811),106.871635988,-6.290619811
311,355,Pelita Air Service,-6.17635,106.81963,POINT (106.81963 -6.17635),106.81963,-6.17635
312,356,Pertamina,-6.19088,106.90644,POINT (106.90644 -6.19088),106.90644,-6.19088
313,357,Pertamina,-6.26106,106.7392,POINT (106.7392 -6.26106),106.7392,-6.26106
314,358,Pertamina,-6.22137,106.79056,POINT (106.79056 -6.22137),106.79056,-6.22137
315,359,Pertamina,-6.289615,106.896547,POINT (106.896547 -6.289615),106.896547,-6.289615
316,360,Shell,-6.19759147925365,106.706346827908,POINT (106.706346827908 -6.19759147925365),106.706346827908,-6.19759147925365
317,361,Pertamina,-6.29607,106.81589,POINT (106.81589 -6.29607),106.81589,-6.29607
318,362,Shell,-6.332422,106.892459,POINT (106.892459 -6.332422),106.892459,-6.332422
319,363,Pertamina,-6.16774,106.84266,POINT (106.84266 -6.16774),106.84266,-6.16774
320,364,Pertamina,-6.108569999983043,106.90240551668776,POINT (106.90240551668776 -6.108569999983043),106.90240551668776,-6.108569999983043
321,365,Agung Collection,-6.3075,106.8633,POINT (106.8633 -6.3075),106.8633,-6.3075
322,366,Pertamina,-6.295756119324128,106.82524459131399,POINT (106.82524459131399 -6.295756119324128),106.82524459131399,-6.295756119324128
323,367,Pertamina,-6.2188,106.76044,POINT (106.76044 -6.2188),106.76044,-6.2188
324,368,Pertamina,-6.22164,106.87434,POINT (106.87434 -6.22164),106.87434,-6.22164
325,369,Shell,-6.289952,106.795718,POINT (106.795718 -6.289952),106.795718,-6.289952
326,370,Pertamina,-6.302533,106.853006,POINT (106.853006 -6.302533),106.853006,-6.302533
327,371,Shell,-6.174016837680329,106.85603927365577,POINT (106.85603927365577 -6.1740168376803295),106.85603927365577,-6.1740168376803295
328,372,Pertamina,-6.173554,106.890896,POINT (106.890896 -6.173554),106.890896,-6.173554
329,373,Pertamini,-6.30664,106.87313,POINT (106.87313 -6.30664),106.87313,-6.30664
330,375,Pertamina,-6.258602,106.796654,POINT (106.796654 -6.258602),106.796654,-6.258602
331,376,Pertamina,-6.17959,106.75881,POINT (106.75881 -6.17959),106.75881,-6.17959
332,378,Pertamina,-6.211766,106.89017,POINT (106.89017 -6.211766),106.89017,-6.211766
333,381,Shell,-6.219887,106.820481,POINT (106.820481 -6.219887),106.820481,-6.219887
334,382,Pertamina,-6.27232,106.74956,POINT (106.74956 -6.27232),106.74956,-6.27232
335,383,Pertamina,-6.275254697878709,106.91276633147895,POINT (106.91276633147895 -6.275254697878709),106.91276633147895,-6.275254697878709
336,384,Pertamina,-6.14529,106.72989,POINT (106.72989 -6.14529),106.72989,-6.14529
337,385,Pertamina,-6.23644,106.74271,POINT (106.74271 -6.23644),106.74271,-6.23644
338,386,Pertamina,-6.24735,106.91735,POINT (106.91735 -6.24735),106.91735,-6.24735
339,387,Pertamina,-6.26543,106.76589,POINT (106.76589 -6.26543),106.76589,-6.26543
340,388,Pertamina,-6.238451,106.844207,POINT (106.844207 -6.238451),106.844207,-6.238451
341,389,Pertamina,-6.17198,106.81141,POINT (106.81141 -6.17198),106.81141,-6.17198
342,390,Pertamina,-6.25348,106.95227,POINT (106.95227 -6.25348),106.95227,-6.25348
343,391,Pertamina,-6.09444466,106.689933525,POINT (106.689933525 -6.09444466),106.689933525,-6.09444466
344,392,Pertamina,-6.238202548294714,106.86864438827898,POINT (106.86864438827898 -6.238202548294714),106.86864438827898,-6.238202548294714
345,394,Pertamina,-6.193604512105616,106.79782199657537,POINT (106.79782199657537 -6.193604512105616),106.79782199657537,-6.193604512105616
346,396,Pertamina,-6.37307,106.87205,POINT (106.87205 -6.37307),106.87205,-6.37307
347,398,PT Pertamina Drilling Services Indonesia Pdsi,-6.20507,106.85831,POINT (106.85831 -6.20507),106.85831,-6.20507
348,399,Spbu Pertamina Pasti Pas,-6.173,106.7216,POINT (106.7216 -6.173),106.7216,-6.173
349,400,Pertamina,-6.166654267,106.9151903,POINT (106.9151903 -6.166654267),106.9151903,-6.166654267
350,401,Pertamina,-6.159473813233415,106.69648592970935,POINT (106.69648592970935 -6.159473813233415),106.69648592970935,-6.159473813233415
351,404,Detailing Cuci Mobil,-6.31923,106.77454,POINT (106.77454 -6.31923),106.77454,-6.31923
352,405,Pertamina,-6.138747,106.763502,POINT (106.763502 -6.138747),106.763502,-6.138747
353,406,Pertamina,-6.211184075900747,106.71309785829514,POINT (106.71309785829514 -6.211184075900747),106.71309785829514,-6.211184075900747
354,407,Pertamina,-6.1808,106.84346,POINT (106.84346 -6.1808),106.84346,-6.1808
355,408,Pertamina,-6.22892,106.91248,POINT (106.91248 -6.22892),106.91248,-6.22892
356,409,Spbg Mampang,-6.23958,106.82616,POINT (106.82616 -6.23958),106.82616,-6.23958
357,410,Pertamina,-6.23704,106.75301,POINT (106.75301 -6.23704),106.75301,-6.23704
358,411,Pertamina,-6.196104,106.840242,POINT (106.840242 -6.196104),106.840242,-6.196104
359,412,Pertamina,-6.20131,106.97743,POINT (106.97743 -6.20131),106.97743,-6.20131
360,413,Pertamina,-6.27694,106.93423,POINT (106.93423 -6.27694),106.93423,-6.27694
361,414,Juragan Andara Mobil,-6.31418,106.80384,POINT (106.80384 -6.31418),106.80384,-6.31418
362,415,Shell,-6.18595,106.87482,POINT (106.87482 -6.18595),106.87482,-6.18595
363,416,Pertamina,-6.37668,106.8871,POINT (106.8871 -6.37668),106.8871,-6.37668
364,417,Pertamina,-6.10314,106.71638,POINT (106.71638 -6.10314),106.71638,-6.10314
365,421,Shell,-6.25851,106.949444,POINT (106.949444 -6.25851),106.949444,-6.25851
366,422,Pertamina,-6.270553,106.759915,POINT (106.759915 -6.270553),106.759915,-6.270553
367,423,Pertamina,-6.185755,106.948005,POINT (106.948005 -6.185755),106.948005,-6.185755
368,424,Pertamina,-6.37322,106.8327,POINT (106.8327 -6.37322),106.8327,-6.37322
369,425,Alfamart,-6.14821,106.79442,POINT (106.79442 -6.14821),106.79442,-6.14821
370,426,Pertamina,-6.27019,106.9505,POINT (106.9505 -6.27019),106.9505,-6.27019
371,428,Pertamina,-6.13047,106.70324,POINT (106.70324 -6.13047),106.70324,-6.13047
372,429,Trishindo Jaya Motor,-6.14452,106.70392,POINT (106.70392 -6.14452),106.70392,-6.14452
373,430,BP,-6.19826267,106.76024037,POINT (106.76024037 -6.19826267),106.76024037,-6.19826267
374,431,Pertamina,-6.311465124,106.92415283,POINT (106.92415283 -6.311465124),106.92415283,-6.311465124
375,432,Warung Bang Udin,-6.1379,106.75912,POINT (106.75912 -6.1379),106.75912,-6.1379
376,433,Shell,-6.188917,106.771494,POINT (106.771494 -6.188917),106.771494,-6.188917
377,434,Pertamina,-6.383673308868289,106.89998699604128,POINT (106.89998699604128 -6.383673308868289),106.89998699604128,-6.383673308868289
378,435,Vivo,-6.277968335,106.808097965,POINT (106.808097965 -6.277968335),106.808097965,-6.277968335
379,436,Pertamina,-6.121663,106.80425,POINT (106.80425 -6.121663),106.80425,-6.121663
380,437,Pertamina,-6.26689,106.81575,POINT (106.81575 -6.26689),106.81575,-6.26689
381,438,Pertamina,-6.19914,106.69676,POINT (106.69676 -6.19914),106.69676,-6.19914
382,439,Pertamina,-6.34776025933871,106.92052530074216,POINT (106.92052530074216 -6.34776025933871),106.92052530074216,-6.34776025933871
383,440,Kopi Kenangan BP Metland,-6.20022,106.70422,POINT (106.70422 -6.20022),106.70422,-6.20022
384,441,Pertamina,-6.16398,106.6767,POINT (106.6767 -6.16398),106.6767,-6.16398
385,442,Mandiri Cell,-6.286769895566681,106.94631604913872,POINT (106.94631604913872 -6.286769895566681),106.94631604913872,-6.286769895566681
386,444,Pertamina,-6.312326,106.836754,POINT (106.836754 -6.312326),106.836754,-6.312326
387,446,Pertamina,-6.118492100188949,106.9252367296157,POINT (106.9252367296157 -6.118492100188949),106.9252367296157,-6.118492100188949
388,447,Imam Knalpot,-6.256917547,106.768207575,POINT (106.768207575 -6.256917547),106.768207575,-6.256917547
389,449,Pertamina,-6.138645,106.867362,POINT (106.867362 -6.138645),106.867362,-6.138645
390,450,Pertamina,-6.27836,106.77279,POINT (106.77279 -6.27836),106.77279,-6.27836
391,451,Pertamina,-6.22794,106.77857,POINT (106.77857 -6.22794),106.77857,-6.22794
392,452,Pertamina,-6.154218115637422,106.79317961014164,POINT (106.79317961014164 -6.1542181156374225),106.79317961014164,-6.1542181156374225
393,453,Pertamina,-6.24424,106.78809,POINT (106.78809 -6.24424),106.78809,-6.24424
394,454,Pertamina,-6.17619,106.83183,POINT (106.83183 -6.17619),106.83183,-6.17619
395,455,Pertamina,-6.22969,106.72307,POINT (106.72307 -6.22969),106.72307,-6.22969
396,456,Pertamina,-6.148275,106.830896,POINT (106.830896 -6.148275),106.830896,-6.148275
397,457,Pertamina,-6.31796,106.76918,POINT (106.76918 -6.31796),106.76918,-6.31796
398,458,Wisma Kemang,-6.273192103546391,106.81520327934214,POINT (106.81520327934214 -6.273192103546391),106.81520327934214,-6.273192103546391
399,459,Pertamina,-6.244913,106.842519,POINT (106.842519 -6.244913),106.842519,-6.244913
400,460,Shell,-6.256407,106.808301,POINT (106.808301 -6.256407),106.808301,-6.256407
401,461,Pertamina,-6.1743,106.80321,POINT (106.80321 -6.1743),106.80321,-6.1743
402,463,Pt. Jagasutama Nusantara,-6.174255,106.803172,POINT (106.803172 -6.174255),106.803172,-6.174255
403,464,Pertamina,-6.139467,106.847305,POINT (106.847305 -6.139467),106.847305,-6.139467
404,465,Pertamina,-6.352994,106.86239,POINT (106.86239 -6.352994),106.86239,-6.352994
405,466,Pertamina,-6.156692,106.818895,POINT (106.818895 -6.156692),106.818895,-6.156692
406,467,PT Pertamina,-6.171082513781091,106.88707542296878,POINT (106.88707542296878 -6.171082513781091),106.88707542296878,-6.171082513781091
407,470,Pertamina,-6.285646,106.855192,POINT (106.855192 -6.285646),106.855192,-6.285646
408,471,Pertamina,-6.13841,106.86478,POINT (106.86478 -6.13841),106.86478,-6.13841
409,472,PT Pertamina,-6.11557,106.91086,POINT (106.91086 -6.11557),106.91086,-6.11557
410,473,Pertamina,-6.175207,106.848319,POINT (106.848319 -6.175207),106.848319,-6.175207
411,474,Pertamina,-6.37511,106.83205,POINT (106.83205 -6.37511),106.83205,-6.37511
412,475,Pertamina,-6.18497,106.84358,POINT (106.84358 -6.18497),106.84358,-6.18497
413,477,Pertamina,-6.201652470849373,106.9763999062089,POINT (106.9763999062089 -6.201652470849373),106.9763999062089,-6.201652470849373
414,479,Akr,-6.140242060285116,106.76722151216846,POINT (106.76722151216846 -6.140242060285116),106.76722151216846,-6.140242060285116
415,480,Pertamina,-6.215419378212995,106.70992952868717,POINT (106.70992952868717 -6.215419378212995),106.70992952868717,-6.215419378212995
416,481,Pertamina,-6.21145,106.8904,POINT (106.8904 -6.21145),106.8904,-6.21145
417,482,Chandra Wijaya Bengkel,-6.27709,106.9168,POINT (106.9168 -6.27709),106.9168,-6.27709
418,483,Pertamina,-6.158351922116886,106.7652925543562,POINT (106.7652925543562 -6.158351922116886),106.7652925543562,-6.158351922116886
419,484,Bengkel Honda Ahas,-6.281503411,106.950322998,POINT (106.950322998 -6.281503411),106.950322998,-6.281503411
420,485,Pertamina,-6.130456,106.703334,POINT (106.703334 -6.130456),106.703334,-6.130456
421,486,Pertamina,-6.19295,106.87616,POINT (106.87616 -6.19295),106.87616,-6.19295
422,488,Pertamina,-6.198131,106.854851,POINT (106.854851 -6.198131),106.854851,-6.198131
423,489,Pertamina,-6.36963,106.91951,POINT (106.91951 -6.36963),106.91951,-6.36963
424,490,Pertamina,-6.145223,106.776479,POINT (106.776479 -6.145223),106.776479,-6.145223
425,491,Shell,-6.218682407375373,106.70694839866269,POINT (106.70694839866269 -6.218682407375373),106.70694839866269,-6.218682407375373
426,492,Shell,-6.260819,106.815812,POINT (106.815812 -6.260819),106.815812,-6.260819
427,493,Pertamina,-6.1581002,106.766007447,POINT (106.766007447 -6.1581002),106.766007447,-6.1581002
428,494,Pertamina,-6.179652,106.903382,POINT (106.903382 -6.179652),106.903382,-6.179652
429,495,Trimegah Utama. PT,-6.229793668710877,106.85258344021207,POINT (106.85258344021207 -6.229793668710877),106.85258344021207,-6.229793668710877
430,496,Pertamina,-6.180388,106.813534,POINT (106.813534 -6.180388),106.813534,-6.180388
431,497,Pertamina,-6.18918,106.78957,POINT (106.78957 -6.18918),106.78957,-6.18918
432,498,Shell,-6.292728,106.800005,POINT (106.800005 -6.292728),106.800005,-6.292728
433,499,Shell,-6.22668437089264,106.714494178147,POINT (106.714494178147 -6.22668437089264),106.714494178147,-6.22668437089264
434,500,Pertamina,-6.349927915,106.801986637,POINT (106.801986637 -6.349927915),106.801986637,-6.349927915
435,501,Pertamina,-6.22639,106.87966,POINT (106.87966 -6.22639),106.87966,-6.22639
436,502,Pertamina,-6.19818,106.80314,POINT (106.80314 -6.19818),106.80314,-6.19818
437,503,Pertamina,-6.30537,106.91372,POINT (106.91372 -6.30537),106.91372,-6.30537
438,505,BP,-6.15407,106.72113,POINT (106.72113 -6.15407),106.72113,-6.15407
439,506,Pertamina,-6.280819,106.871885,POINT (106.871885 -6.280819),106.871885,-6.280819
440,507,Pertamina,-6.19307155,106.8761914,POINT (106.8761914 -6.19307155),106.8761914,-6.19307155
441,508,Spbu,-6.17178,106.86297,POINT (106.86297 -6.17178),106.86297,-6.17178
442,509,Pertamina,-6.320883,106.836154,POINT (106.836154 -6.320883),106.836154,-6.320883
443,510,Pertamina,-6.235870497803013,106.8445625494287,POINT (106.8445625494287 -6.235870497803013),106.8445625494287,-6.235870497803013
444,511,Pertamina,-6.272113477,106.79734306,POINT (106.79734306 -6.272113477),106.79734306,-6.272113477
445,513,Pertamina,-6.24907736,106.959597355,POINT (106.959597355 -6.24907736),106.959597355,-6.24907736
446,514,Pertamina,-6.130290973862151,106.91125028624516,POINT (106.91125028624516 -6.130290973862151),106.91125028624516,-6.130290973862151
447,515,Pertamina,-6.233715,106.945933,POINT (106.945933 -6.233715),106.945933,-6.233715
448,516,Pertamina,-6.148502,106.916765,POINT (106.916765 -6.148502),106.916765,-6.148502
449,517,Shell,-6.303935,106.840329,POINT (106.840329 -6.303935),106.840329,-6.303935
450,518,Pertamina,-6.30687,106.87558,POINT (106.87558 -6.30687),106.87558,-6.30687
451,519,Pertamina,-6.261725554658883,106.73860906887356,POINT (106.73860906887356 -6.261725554658883),106.73860906887356,-6.261725554658883
452,520,Spbu Pertamina,-6.156546714,106.8798256,POINT (106.8798256 -6.156546714),106.8798256,-6.156546714
453,521,Spbu,-6.16544,106.76346,POINT (106.76346 -6.16544),106.76346,-6.16544
454,522,Lally Sport,-6.1769,106.87434,POINT (106.87434 -6.1769),106.87434,-6.1769
455,523,Pertamina,-6.132397,106.933982,POINT (106.933982 -6.132397),106.933982,-6.132397
456,524,Global Service Teknikindo,-6.192563973838547,106.8672645007951,POINT (106.8672645007951 -6.192563973838547),106.8672645007951,-6.192563973838547
457,525,Pertamina,-6.270080722,106.764919932,POINT (106.764919932 -6.270080722),106.764919932,-6.270080722
458,526,Pertamina,-6.14531,106.88953,POINT (106.88953 -6.14531),106.88953,-6.14531
459,527,Pertamina,-6.289485,106.855751,POINT (106.855751 -6.289485),106.855751,-6.289485
460,528,Pertamina,-6.107217,106.80066,POINT (106.80066 -6.107217),106.80066,-6.107217
461,529,Pertamina,-6.178764997733475,106.74887611663897,POINT (106.74887611663897 -6.178764997733475),106.74887611663897,-6.178764997733475
462,530,Pertamina,-6.135934,106.890965,POINT (106.890965 -6.135934),106.890965,-6.135934
463,531,Pertamina,-6.18552525277076,106.97727999999998,POINT (106.97727999999998 -6.18552525277076),106.97727999999998,-6.18552525277076
464,533,Pertamina,-6.144998778085029,106.7763334913301,POINT (106.7763334913301 -6.1449987780850295),106.7763334913301,-6.1449987780850295
465,535,Pertamina,-6.182947,106.914583,POINT (106.914583 -6.182947),106.914583,-6.182947
466,537,Pertamina,-6.26168,106.75679,POINT (106.75679 -6.26168),106.75679,-6.26168
467,538,Pertamina,-6.146687819611635,106.72883007875785,POINT (106.72883007875785 -6.1466878196116355),106.72883007875785,-6.1466878196116355
468,539,Spbu,-6.152844367,106.916410336,POINT (106.916410336 -6.152844367),106.916410336,-6.152844367
469,540,Pertamina,-6.34013599,106.890913803,POINT (106.890913803 -6.34013599),106.890913803,-6.34013599
470,541,Pertamina,-6.16029,106.83521,POINT (106.83521 -6.16029),106.83521,-6.16029
471,542,Pertamina,-6.176075252770761,106.86748999999999,POINT (106.86748999999999 -6.176075252770761),106.86748999999999,-6.176075252770761
472,543,Pertamina,-6.25287,106.77783,POINT (106.77783 -6.25287),106.77783,-6.25287
473,544,Spbu,-6.19667,106.87481,POINT (106.87481 -6.19667),106.87481,-6.19667
474,545,Pertamina,-6.19228,106.86504,POINT (106.86504 -6.19228),106.86504,-6.19228
475,546,Pertamina,-6.25753,106.76714,POINT (106.76714 -6.25753),106.76714,-6.25753
476,547,Pertamina,-6.10557,106.93083,POINT (106.93083 -6.10557),106.93083,-6.10557
477,548,Pertamina,-6.206544134,106.922955236,POINT (106.922955236 -6.206544134),106.922955236,-6.206544134
478,550,Pertamina,-6.27995,106.90646,POINT (106.90646 -6.27995),106.90646,-6.27995
479,552,Pertamina,-6.166282892431413,106.72838241008192,POINT (106.72838241008192 -6.166282892431413),106.72838241008192,-6.166282892431413
480,553,Pertamina,-6.11436,106.6889,POINT (106.6889 -6.11436),106.6889,-6.11436
481,554,Pertamina,-6.309869999982479,106.87039556849811,POINT (106.87039556849811 -6.309869999982479),106.87039556849811,-6.309869999982479
482,555,Pertamina,-6.28711,106.82589,POINT (106.82589 -6.28711),106.82589,-6.28711
483,556,Tyo Arjuna Cell,-6.188848084278323,106.77141451549885,POINT (106.77141451549885 -6.188848084278323),106.77141451549885,-6.188848084278323
484,557,Pertamini,-6.139730157775571,106.74491623300159,POINT (106.74491623300159 -6.139730157775571),106.74491623300159,-6.139730157775571
485,558,Pertamina,-6.2158539814834,106.76004661984776,POINT (106.76004661984776 -6.2158539814833995),106.76004661984776,-6.2158539814833995
486,559,Pertamina,-6.35207,106.92204,POINT (106.92204 -6.35207),106.92204,-6.35207
487,560,Pertamina,-6.173300462495757,106.83034744722255,POINT (106.83034744722255 -6.173300462495757),106.83034744722255,-6.173300462495757
488,561,Pertamina,-6.197316449094566,106.75167802099253,POINT (106.75167802099253 -6.197316449094566),106.75167802099253,-6.197316449094566
489,562,Shell,-6.28638262431232,106.946038964877,POINT (106.946038964877 -6.28638262431232),106.946038964877,-6.28638262431232
490,563,Pertamina,-6.21455,106.86234,POINT (106.86234 -6.21455),106.86234,-6.21455
491,565,Pertamina,-6.285258118833655,106.8797566237077,POINT (106.8797566237077 -6.285258118833655),106.8797566237077,-6.285258118833655
492,566,Pertamini,-6.15444,106.76917,POINT (106.76917 -6.15444),106.76917,-6.15444
493,567,Pertamina,-6.294984,106.882192,POINT (106.882192 -6.294984),106.882192,-6.294984
494,571,Varia Tas,-6.136,106.8229,POINT (106.8229 -6.136),106.8229,-6.136
495,572,Pertamina,-6.212900381084039,106.84439910134502,POINT (106.84439910134502 -6.212900381084039),106.84439910134502,-6.212900381084039
496,573,Shell,-6.364989,106.833543,POINT (106.833543 -6.364989),106.833543,-6.364989
497,574,Shell,-6.31611632923938,106.836643097093,POINT (106.836643097093 -6.31611632923938),106.836643097093,-6.31611632923938
498,575,Pertamina,-6.221942632,106.8864052,POINT (106.8864052 -6.221942632),106.8864052,-6.221942632
499,576,SPBI Vivo,-6.16654,106.811,POINT (106.811 -6.16654),106.811,-6.16654
500,577,Pertamina,-6.31784,106.89057,POINT (106.89057 -6.31784),106.89057,-6.31784
501,578,Pertamina,-6.164449149550508,106.77656235814327,POINT (106.77656235814327 -6.164449149550508),106.77656235814327,-6.164449149550508
502,579,Pertamina,-6.328865,106.886154,POINT (106.886154 -6.328865),106.886154,-6.328865
503,580,Koronta Snow Wash,-6.224,106.91356,POINT (106.91356 -6.224),106.91356,-6.224
504,581,Pertamina,-6.18253,106.71947,POINT (106.71947 -6.18253),106.71947,-6.18253
505,582,SPBU VIVO Tendean,-6.239071,106.818735,POINT (106.818735 -6.239071),106.818735,-6.239071
506,584,Benny motor,-6.22918,106.78,POINT (106.78 -6.22918),106.78,-6.22918
507,585,Pertamina,-6.23287,106.9483,POINT (106.9483 -6.23287),106.9483,-6.23287
508,587,Pertamina,-6.158452,106.901474,POINT (106.901474 -6.158452),106.901474,-6.158452
509,588,Pertamina,-6.328965,106.825382,POINT (106.825382 -6.328965),106.825382,-6.328965
510,589,Pertamina,-6.384869742513791,106.88284470881425,POINT (106.88284470881425 -6.384869742513791),106.88284470881425,-6.384869742513791
511,590,Spbt Sunter Lant 3,-6.15701,106.88645,POINT (106.88645 -6.15701),106.88645,-6.15701
512,591,Pertamina,-6.125,106.82999,POINT (106.82999 -6.125),106.82999,-6.125
513,592,Pertamina,-6.15548,106.80707,POINT (106.80707 -6.15548),106.80707,-6.15548
514,594,Pertamina,-6.246243,106.942598,POINT (106.942598 -6.246243),106.942598,-6.246243
515,596,Hori Mdr,-6.19713,106.73238,POINT (106.73238 -6.19713),106.73238,-6.19713
516,597,Pertamina,-6.304053376555986,106.84357071282362,POINT (106.84357071282362 -6.304053376555986),106.84357071282362,-6.304053376555986
517,599,Total,-6.24949,106.95193,POINT (106.95193 -6.24949),106.95193,-6.24949
518,600,Pertamina,-6.34805,106.87589,POINT (106.87589 -6.34805),106.87589,-6.34805
519,601,Pertamina,-6.345094,106.883065,POINT (106.883065 -6.345094),106.883065,-6.345094
520,602,Pertamina,-6.20933,106.87425,POINT (106.87425 -6.20933),106.87425,-6.20933
521,603,Vivo,-6.369413864586135,106.88718738942262,POINT (106.88718738942262 -6.369413864586135),106.88718738942262,-6.369413864586135
522,605,Shell,-6.184469,106.736548,POINT (106.736548 -6.184469),106.736548,-6.184469
523,607,Shell,-6.249522,106.94902,POINT (106.94902 -6.249522),106.94902,-6.249522
524,608,Pertamina,-6.11414,106.68054,POINT (106.68054 -6.11414),106.68054,-6.11414
525,609,BP,-6.16971,106.9742,POINT (106.9742 -6.16971),106.9742,-6.16971
526,610,Kusuma Motor,-6.19415,106.9576,POINT (106.9576 -6.19415),106.9576,-6.19415
527,611,Pertamina,-6.38595,106.86773,POINT (106.86773 -6.38595),106.86773,-6.38595
528,612,Pertamina,-6.14642,106.87373,POINT (106.87373 -6.14642),106.87373,-6.14642
529,614,Pertamina,-6.199751,106.955856,POINT (106.955856 -6.199751),106.955856,-6.199751
530,615,Pertamini,-6.08172,106.69638,POINT (106.69638 -6.08172),106.69638,-6.08172
531,616,Shell,-6.126253163330603,106.7875292820942,POINT (106.7875292820942 -6.1262531633306025),106.7875292820942,-6.1262531633306025
532,617,Kian Mandiri Motor,-6.19868,106.8875,POINT (106.8875 -6.19868),106.8875,-6.19868
533,618,Shell,-6.34268876452988,106.922311728685,POINT (106.922311728685 -6.34268876452988),106.922311728685,-6.34268876452988
534,619,Pertamina,-6.15506,106.71148,POINT (106.71148 -6.15506),106.71148,-6.15506
535,620,Pertamina,-6.208111,106.788057,POINT (106.788057 -6.208111),106.788057,-6.208111
536,621,Pertamina,-6.18632,106.95899,POINT (106.95899 -6.18632),106.95899,-6.18632
537,622,Pertamina,-6.12555,106.80134,POINT (106.80134 -6.12555),106.80134,-6.12555
538,623,Pertamina,-6.34089,106.92956,POINT (106.92956 -6.34089),106.92956,-6.34089
539,624,Shell,-6.185949,106.87482,POINT (106.87482 -6.185949),106.87482,-6.185949
540,625,Pertamina,-6.11671,106.67646,POINT (106.67646 -6.11671),106.67646,-6.11671
541,626,Shell,-6.239651,106.819446,POINT (106.819446 -6.239651),106.819446,-6.239651
542,627,Pertamina,-6.13408,106.75122,POINT (106.75122 -6.13408),106.75122,-6.13408
543,628,Pertamina,-6.30543,106.75809,POINT (106.75809 -6.30543),106.75809,-6.30543
544,629,Pertamina,-6.138389,106.935673,POINT (106.935673 -6.138389),106.935673,-6.138389
545,630,Pertamina,-6.261553,106.828969,POINT (106.828969 -6.261553),106.828969,-6.261553
546,631,Pertamina,-6.32933,106.87702,POINT (106.87702 -6.32933),106.87702,-6.32933
547,632,Shell,-6.159416,106.790671,POINT (106.790671 -6.159416),106.790671,-6.159416
548,633,Shell,-6.248267,106.907398,POINT (106.907398 -6.248267),106.907398,-6.248267
549,634,Pertamina,-6.247216067459679,106.8425632077618,POINT (106.8425632077618 -6.247216067459679),106.8425632077618,-6.247216067459679
550,635,Pertamina,-6.340816,106.874834,POINT (106.874834 -6.340816),106.874834,-6.340816
551,636,Pertamini,-6.3635984,106.8032473,POINT (106.8032473 -6.3635984),106.8032473,-6.3635984
552,637,Pertamina,-6.27077,106.76325,POINT (106.76325 -6.27077),106.76325,-6.27077
553,638,Pertamina,-6.146556,106.885759,POINT (106.885759 -6.146556),106.885759,-6.146556
554,639,Pertamina,-6.169987,106.9429001,POINT (106.9429001 -6.169987),106.9429001,-6.169987
555,640,Pertamina,-6.10687,106.775089,POINT (106.775089 -6.10687),106.775089,-6.10687
556,641,Shell,-6.234072,106.923191,POINT (106.923191 -6.234072),106.923191,-6.234072
557,642,Komplek Pertamina,-6.286265423003467,106.74430681205993,POINT (106.74430681205993 -6.286265423003467),106.74430681205993,-6.286265423003467
558,643,Pertamina,-6.22708092,106.9365394,POINT (106.9365394 -6.22708092),106.9365394,-6.22708092
559,644,Pertamina,-6.313457,106.812437,POINT (106.812437 -6.313457),106.812437,-6.313457
560,645,Shell,-6.28379,106.82655,POINT (106.82655 -6.28379),106.82655,-6.28379
561,646,BP,-6.20022,106.70422,POINT (106.70422 -6.20022),106.70422,-6.20022
562,648,Pertamina,-6.1488,106.72836,POINT (106.72836 -6.1488),106.72836,-6.1488
563,649,Pertamina,-6.15447,106.70479,POINT (106.70479 -6.15447),106.70479,-6.15447
564,650,Pertamina,-6.25146,106.880972,POINT (106.880972 -6.25146),106.880972,-6.25146
565,652,Pertamina,-6.367189185592633,106.91964800926996,POINT (106.91964800926996 -6.3671891855926335),106.91964800926996,-6.3671891855926335
566,653,Pertamina,-6.33507,106.79545,POINT (106.79545 -6.33507),106.79545,-6.33507
567,654,Shell,-6.15596,106.755367,POINT (106.755367 -6.15596),106.755367,-6.15596
568,655,Pertamina,-6.172997,106.861861,POINT (106.861861 -6.172997),106.861861,-6.172997
569,656,Spbu Pertamina,-6.1977,106.7534,POINT (106.7534 -6.1977),106.7534,-6.1977
570,657,Shell,-6.24378,106.8644,POINT (106.8644 -6.24378),106.8644,-6.24378
571,659,Pertamina,-6.2137,106.89332,POINT (106.89332 -6.2137),106.89332,-6.2137
572,660,Pertamina,-6.219234,106.730953,POINT (106.730953 -6.219234),106.730953,-6.219234
573,661,Pertamina,-6.3176,106.79177,POINT (106.79177 -6.3176),106.79177,-6.3176
574,663,Pertamina,-6.23234,106.73276,POINT (106.73276 -6.23234),106.73276,-6.23234
575,664,Pertamina,-6.318375,106.836607,POINT (106.836607 -6.318375),106.836607,-6.318375
576,665,Pertamina,-6.1463,106.83571,POINT (106.83571 -6.1463),106.83571,-6.1463
577,666,Pertamina,-6.35298398,106.862469194,POINT (106.862469194 -6.35298398),106.862469194,-6.35298398
578,667,Shell,-6.091865259489655,106.98298864675044,POINT (106.98298864675044 -6.091865259489655),106.98298864675044,-6.091865259489655
579,668,Pertamina,-6.14304,106.69824,POINT (106.69824 -6.14304),106.69824,-6.14304
580,669,Pertamina,-6.127920787958944,106.89398155646069,POINT (106.89398155646069 -6.127920787958944),106.89398155646069,-6.127920787958944
581,670,Subur Jaya Motor,-6.197292102448888,106.7424749915121,POINT (106.7424749915121 -6.197292102448888),106.7424749915121,-6.197292102448888
582,674,Pertamina,-6.1902,106.79327,POINT (106.79327 -6.1902),106.79327,-6.1902
583,675,Shell,-6.259475,106.781469,POINT (106.781469 -6.259475),106.781469,-6.259475
584,676,Pertamina,-6.2744,106.93531,POINT (106.93531 -6.2744),106.93531,-6.2744
585,677,Pertamina,-6.1664565,106.7872098,POINT (106.7872098 -6.1664565),106.7872098,-6.1664565
586,678,Pertamina,-6.30193,106.85374,POINT (106.85374 -6.30193),106.85374,-6.30193
587,679,Pertamina,-6.30745,106.87817,POINT (106.87817 -6.30745),106.87817,-6.30745
588,680,Shell,-6.22933706886575,106.896365488553,POINT (106.896365488553 -6.22933706886575),106.896365488553,-6.22933706886575
589,681,Shell,-6.165895,106.915027,POINT (106.915027 -6.165895),106.915027,-6.165895
590,683,Pertamina,-6.13121,106.79212,POINT (106.79212 -6.13121),106.79212,-6.13121
591,684,Pertamina,-6.24607,106.90586,POINT (106.90586 -6.24607),106.90586,-6.24607
592,686,Shell,-6.219444,106.778801,POINT (106.778801 -6.219444),106.778801,-6.219444
593,687,Pertamina,-6.212371,106.90024,POINT (106.90024 -6.212371),106.90024,-6.212371
594,688,Shell,-6.23936,106.81917,POINT (106.81917 -6.23936),106.81917,-6.23936
